1,1994,8096
2,1994,7772
3,1994,10142
4,1994,11248
5,1994,11053
6,1994,11406
7,1994,11251
8,1994,8653
9,1994,7910
10,1994,10498
11,1994,11706
12,1994,11567
13,1994,11212
14,1994,11570
15,1994,8660
16,1994,8123
17,1994,10567
18,1994,11541
19,1994,11257
20,1994,11682
21,1994,11811
22,1994,8833
23,1994,8310
24,1994,11125
25,1994,11981
26,1994,11514
27,1994,11702
28,1994,11666
29,1994,8988
30,1994,8096
31,1994,10765
32,1994,11755
33,1994,11483
34,1994,11523
35,1994,11677
36,1994,8991
37,1994,8309
38,1994,10984
39,1994,12152
40,1994,11515
41,1994,11623
42,1994,11517
43,1994,8945
44,1994,8171
45,1994,11551
46,1994,12164
47,1994,12009
48,1994,11674
49,1994,11887
50,1994,8946
51,1994,8402
52,1994,10617
53,1994,11810
54,1994,11776
55,1994,11667
56,1994,11905
57,1994,8988
58,1994,8195
59,1994,11091
60,1994,12127
61,1994,11735
62,1994,11984
63,1994,12066
64,1994,9215
65,1994,8389
66,1994,10996
67,1994,12275
68,1994,11780
69,1994,11792
70,1994,11939
71,1994,9087
72,1994,8248
73,1994,11092
74,1994,12298
75,1994,11865
76,1994,11976
77,1994,11799
78,1994,8944
79,1994,8243
80,1994,11140
81,1994,11964
82,1994,11637
83,1994,11904
84,1994,11568
85,1994,8957
86,1994,8189
87,1994,11051
88,1994,12154
89,1994,11540
90,1994,11782
91,1994,10630
92,1994,8782
93,1994,7530
94,1994,10909
95,1994,11876
96,1994,11811
97,1994,11718
98,1994,11532
99,1994,8791
100,1994,8183
101,1994,11060
102,1994,12146
103,1994,11428
104,1994,11709
105,1994,11753
106,1994,8790
107,1994,7867
108,1994,11094
109,1994,11966
110,1994,11585
111,1994,11509
112,1994,11553
113,1994,8613
114,1994,8089
115,1994,10909
116,1994,12236
117,1994,11701
118,1994,11527
119,1994,11474
120,1994,8621
121,1994,8145
122,1994,11169
123,1994,12023
124,1994,11754
125,1994,11958
126,1994,11904
127,1994,8641
128,1994,8203
129,1994,10914
130,1994,11771
131,1994,11278
132,1994,11822
133,1994,11085
134,1994,8830
135,1994,8253
136,1994,11103
137,1994,12289
138,1994,11668
139,1994,11411
140,1994,11645
141,1994,8830
142,1994,8449
143,1994,11434
144,1994,12562
145,1994,12005
146,1994,11979
147,1994,12132
148,1994,8840
149,1994,8205
150,1994,8468
151,1994,11525
152,1994,12349
153,1994,12166
154,1994,11799
155,1994,9182
156,1994,8289
157,1994,11130
158,1994,12145
159,1994,11784
160,1994,11648
161,1994,12006
162,1994,8618
163,1994,8171
164,1994,10692
165,1994,12074
166,1994,11954
167,1994,11852
168,1994,11744
169,1994,8907
170,1994,8302
171,1994,11337
172,1994,12182
173,1994,12213
174,1994,11939
175,1994,11979
176,1994,9047
177,1994,8306
178,1994,11309
179,1994,12211
180,1994,12245
181,1994,12157
182,1994,12454
183,1994,9268
184,1994,8298
185,1994,8564
186,1994,11609
187,1994,13086
188,1994,13049
189,1994,12623
190,1994,9325
191,1994,8684
192,1994,11567
193,1994,12507
194,1994,12134
195,1994,12485
196,1994,12691
197,1994,9547
198,1994,8848
199,1994,11561
200,1994,12583
201,1994,12378
202,1994,12447
203,1994,12486
204,1994,9463
205,1994,8734
206,1994,11757
207,1994,12591
208,1994,12423
209,1994,12539
210,1994,12231
211,1994,9340
212,1994,8590
213,1994,11428
214,1994,12622
215,1994,12147
216,1994,12601
217,1994,12251
218,1994,9336
219,1994,8517
220,1994,11528
221,1994,12643
222,1994,12525
223,1994,12147
224,1994,12479
225,1994,9474
226,1994,8926
227,1994,11391
228,1994,12605
229,1994,12344
230,1994,12313
231,1994,12227
232,1994,9646
233,1994,8663
234,1994,11489
235,1994,12284
236,1994,12176
237,1994,12076
238,1994,12122
239,1994,9171
240,1994,8779
241,1994,11560
242,1994,12431
243,1994,12272
244,1994,12183
245,1994,12099
246,1994,9042
247,1994,8420
248,1994,8378
249,1994,11448
250,1994,12660
251,1994,12693
252,1994,12811
253,1994,9424
254,1994,8373
255,1994,11500
256,1994,12560
257,1994,12566
258,1994,12655
259,1994,12884
260,1994,9779
261,1994,8603
262,1994,11659
263,1994,12584
264,1994,12468
265,1994,12590
266,1994,12522
267,1994,9597
268,1994,8754
269,1994,11597
270,1994,12591
271,1994,12405
272,1994,12288
273,1994,12090
274,1994,9351
275,1994,8477
276,1994,11437
277,1994,12378
278,1994,12061
279,1994,12017
280,1994,12050
281,1994,8981
282,1994,8038
283,1994,11110
284,1994,12236
285,1994,11846
286,1994,11398
287,1994,11959
288,1994,9077
289,1994,8022
290,1994,11127
291,1994,11888
292,1994,11533
293,1994,11876
294,1994,11562
295,1994,9086
296,1994,7914
297,1994,11068
298,1994,12019
299,1994,11683
300,1994,11420
301,1994,11608
302,1994,8855
303,1994,8262
304,1994,9833
305,1994,12316
306,1994,11736
307,1994,11703
308,1994,11956
309,1994,8826
310,1994,8100
311,1994,11283
312,1994,11999
313,1994,11811
314,1994,11728
315,1994,11533
316,1994,8672
317,1994,8093
318,1994,11044
319,1994,11985
320,1994,11634
321,1994,11703
322,1994,11826
323,1994,8771
324,1994,8133
325,1994,11807
326,1994,12764
327,1994,11332
328,1994,8036
329,1994,9419
330,1994,8427
331,1994,7937
332,1994,11003
333,1994,12177
334,1994,11643
335,1994,11681
336,1994,11379
337,1994,8585
338,1994,7980
339,1994,10772
340,1994,11923
341,1994,11335
342,1994,11337
343,1994,11205
344,1994,8461
345,1994,7936
346,1994,11106
347,1994,11884
348,1994,11716
349,1994,11962
350,1994,12144
351,1994,8726
352,1994,8130
353,1994,11502
354,1994,12880
355,1994,12391
356,1994,11504
357,1994,10087
358,1994,7898
359,1994,7192
360,1994,8454
361,1994,11131
362,1994,12398
363,1994,12189
364,1994,12051
365,1994,8809
366,1995,7828
367,1995,7883
368,1995,9999
369,1995,11315
370,1995,11243
371,1995,11506
372,1995,8681
373,1995,7821
374,1995,10434
375,1995,11665
376,1995,11279
377,1995,11416
378,1995,11071
379,1995,8887
380,1995,7988
381,1995,10417
382,1995,11345
383,1995,11252
384,1995,11331
385,1995,11481
386,1995,8746
387,1995,7956
388,1995,10640
389,1995,11344
390,1995,11096
391,1995,11380
392,1995,11340
393,1995,8781
394,1995,8009
395,1995,10515
396,1995,11364
397,1995,11279
398,1995,11490
399,1995,11264
400,1995,8769
401,1995,8017
402,1995,10587
403,1995,11483
404,1995,11205
405,1995,11282
406,1995,11615
407,1995,8949
408,1995,8007
409,1995,10351
410,1995,12454
411,1995,11828
412,1995,11657
413,1995,11625
414,1995,8788
415,1995,8038
416,1995,10258
417,1995,11582
418,1995,11716
419,1995,11786
420,1995,11671
421,1995,8829
422,1995,8183
423,1995,10702
424,1995,11679
425,1995,11540
426,1995,11377
427,1995,11649
428,1995,8807
429,1995,7984
430,1995,10810
431,1995,12115
432,1995,11618
433,1995,11380
434,1995,11827
435,1995,8744
436,1995,7859
437,1995,10609
438,1995,11750
439,1995,11736
440,1995,11751
441,1995,11953
442,1995,8538
443,1995,7787
444,1995,10588
445,1995,11837
446,1995,11485
447,1995,11435
448,1995,11329
449,1995,8628
450,1995,7614
451,1995,10541
452,1995,11563
453,1995,11125
454,1995,11205
455,1995,11319
456,1995,8398
457,1995,7547
458,1995,10651
459,1995,11960
460,1995,11475
461,1995,11429
462,1995,11587
463,1995,8588
464,1995,7839
465,1995,10930
466,1995,11939
467,1995,11750
468,1995,11411
469,1995,10687
470,1995,8492
471,1995,7503
472,1995,10640
473,1995,11652
474,1995,11680
475,1995,11504
476,1995,11445
477,1995,8560
478,1995,7749
479,1995,11014
480,1995,11811
481,1995,11551
482,1995,11601
483,1995,11457
484,1995,8492
485,1995,7777
486,1995,11090
487,1995,12119
488,1995,11502
489,1995,11800
490,1995,11718
491,1995,8565
492,1995,7965
493,1995,10790
494,1995,11728
495,1995,11723
496,1995,11723
497,1995,11625
498,1995,8802
499,1995,8165
500,1995,11143
501,1995,12101
502,1995,12085
503,1995,11872
504,1995,11692
505,1995,8721
506,1995,8096
507,1995,11250
508,1995,12539
509,1995,12193
510,1995,12285
511,1995,12246
512,1995,8795
513,1995,8167
514,1995,8379
515,1995,11271
516,1995,12393
517,1995,12243
518,1995,11991
519,1995,9069
520,1995,8059
521,1995,11152
522,1995,12119
523,1995,11774
524,1995,12031
525,1995,11645
526,1995,8719
527,1995,8149
528,1995,11169
529,1995,11790
530,1995,11958
531,1995,11906
532,1995,11856
533,1995,8821
534,1995,8203
535,1995,11223
536,1995,12395
537,1995,12049
538,1995,11799
539,1995,11942
540,1995,9065
541,1995,8279
542,1995,11127
543,1995,12349
544,1995,12162
545,1995,12423
546,1995,12338
547,1995,9283
548,1995,8256
549,1995,10623
550,1995,9374
551,1995,11399
552,1995,12855
553,1995,12954
554,1995,9438
555,1995,8506
556,1995,11618
557,1995,12552
558,1995,12167
559,1995,12253
560,1995,12659
561,1995,9391
562,1995,8516
563,1995,11461
564,1995,12495
565,1995,12129
566,1995,12598
567,1995,12428
568,1995,9328
569,1995,8483
570,1995,11501
571,1995,12580
572,1995,12316
573,1995,12309
574,1995,12442
575,1995,9277
576,1995,8384
577,1995,11298
578,1995,12442
579,1995,12249
580,1995,12193
581,1995,12186
582,1995,9267
583,1995,8346
584,1995,11223
585,1995,12441
586,1995,12217
587,1995,12243
588,1995,12154
589,1995,9153
590,1995,8421
591,1995,11297
592,1995,12760
593,1995,12244
594,1995,12345
595,1995,12362
596,1995,9265
597,1995,8434
598,1995,11436
599,1995,12612
600,1995,12083
601,1995,12381
602,1995,12208
603,1995,9155
604,1995,8509
605,1995,11473
606,1995,12522
607,1995,12631
608,1995,12485
609,1995,12439
610,1995,9079
611,1995,8438
612,1995,8441
613,1995,11682
614,1995,12951
615,1995,12924
616,1995,12939
617,1995,9714
618,1995,8568
619,1995,11480
620,1995,12583
621,1995,12173
622,1995,12789
623,1995,13023
624,1995,9535
625,1995,8757
626,1995,11729
627,1995,12692
628,1995,12571
629,1995,12663
630,1995,12813
631,1995,9341
632,1995,8659
633,1995,11552
634,1995,12814
635,1995,12605
636,1995,12845
637,1995,12316
638,1995,8988
639,1995,8545
640,1995,11650
641,1995,12375
642,1995,12016
643,1995,12245
644,1995,12081
645,1995,9048
646,1995,7997
647,1995,10892
648,1995,12273
649,1995,11843
650,1995,12002
651,1995,11078
652,1995,8920
653,1995,7996
654,1995,10840
655,1995,11974
656,1995,11693
657,1995,11463
658,1995,11610
659,1995,8673
660,1995,7827
661,1995,10770
662,1995,11916
663,1995,11573
664,1995,11534
665,1995,11449
666,1995,8633
667,1995,7876
668,1995,10480
669,1995,10740
670,1995,11702
671,1995,11746
672,1995,11368
673,1995,8438
674,1995,7868
675,1995,10809
676,1995,12038
677,1995,11702
678,1995,11441
679,1995,11246
680,1995,8522
681,1995,7891
682,1995,10534
683,1995,11455
684,1995,11629
685,1995,11436
686,1995,11410
687,1995,8493
688,1995,7772
689,1995,11476
690,1995,12503
691,1995,11304
692,1995,7754
693,1995,9125
694,1995,8115
695,1995,7500
696,1995,10979
697,1995,12002
698,1995,11344
699,1995,11215
700,1995,11206
701,1995,8429
702,1995,7703
703,1995,10346
704,1995,11676
705,1995,11188
706,1995,11242
707,1995,11166
708,1995,8201
709,1995,7595
710,1995,10429
711,1995,11784
712,1995,11191
713,1995,11403
714,1995,11458
715,1995,8509
716,1995,7759
717,1995,11139
718,1995,12501
719,1995,12043
720,1995,11944
721,1995,11204
722,1995,8058
723,1995,6999
724,1995,7027
725,1995,9447
726,1995,11897
727,1995,12530
728,1995,12207
729,1995,9093
730,1995,7596
731,1996,7683
732,1996,9408
733,1996,10954
734,1996,11308
735,1996,11631
736,1996,8680
737,1996,7735
738,1996,10044
739,1996,11018
740,1996,11144
741,1996,11304
742,1996,11274
743,1996,8488
744,1996,7685
745,1996,9912
746,1996,11181
747,1996,11148
748,1996,11579
749,1996,11292
750,1996,8492
751,1996,7701
752,1996,10593
753,1996,11451
754,1996,11336
755,1996,11405
756,1996,11195
757,1996,8487
758,1996,7533
759,1996,10374
760,1996,11359
761,1996,10889
762,1996,11030
763,1996,11335
764,1996,8390
765,1996,7531
766,1996,10364
767,1996,11360
768,1996,11204
769,1996,11529
770,1996,11577
771,1996,8578
772,1996,7710
773,1996,10542
774,1996,11322
775,1996,12094
776,1996,11820
777,1996,11666
778,1996,8465
779,1996,7763
780,1996,10036
781,1996,11598
782,1996,11554
783,1996,11697
784,1996,11415
785,1996,8692
786,1996,7917
787,1996,10693
788,1996,11761
789,1996,11428
790,1996,10692
791,1996,11785
792,1996,8719
793,1996,7885
794,1996,10586
795,1996,11475
796,1996,11535
797,1996,11446
798,1996,11272
799,1996,8611
800,1996,7512
801,1996,10668
802,1996,11623
803,1996,11338
804,1996,11578
805,1996,11860
806,1996,8691
807,1996,8010
808,1996,10812
809,1996,11764
810,1996,11482
811,1996,11653
812,1996,11727
813,1996,8534
814,1996,8002
815,1996,10662
816,1996,11764
817,1996,11532
818,1996,11728
819,1996,11659
820,1996,8712
821,1996,7956
822,1996,10173
823,1996,12055
824,1996,11622
825,1996,11881
826,1996,10985
827,1996,8354
828,1996,7372
829,1996,10659
830,1996,11631
831,1996,11429
832,1996,11489
833,1996,11462
834,1996,8565
835,1996,7687
836,1996,10548
837,1996,11754
838,1996,11554
839,1996,11282
840,1996,11438
841,1996,8451
842,1996,7789
843,1996,10957
844,1996,11979
845,1996,11342
846,1996,11340
847,1996,11070
848,1996,8444
849,1996,7567
850,1996,10325
851,1996,11391
852,1996,11390
853,1996,11397
854,1996,11011
855,1996,8483
856,1996,7821
857,1996,10585
858,1996,11567
859,1996,11403
860,1996,11404
861,1996,11471
862,1996,8495
863,1996,7758
864,1996,10291
865,1996,11757
866,1996,11619
867,1996,11637
868,1996,11370
869,1996,8696
870,1996,7906
871,1996,11073
872,1996,11962
873,1996,11733
874,1996,11511
875,1996,11835
876,1996,8666
877,1996,7746
878,1996,8034
879,1996,11151
880,1996,12119
881,1996,11964
882,1996,11853
883,1996,8866
884,1996,7962
885,1996,10916
886,1996,11783
887,1996,11695
888,1996,11849
889,1996,11750
890,1996,8739
891,1996,8013
892,1996,10927
893,1996,11978
894,1996,11710
895,1996,11521
896,1996,11644
897,1996,8783
898,1996,8004
899,1996,10981
900,1996,12105
901,1996,11779
902,1996,12052
903,1996,11759
904,1996,8946
905,1996,8128
906,1996,11080
907,1996,12150
908,1996,12154
909,1996,11957
910,1996,12057
911,1996,8956
912,1996,8281
913,1996,11779
914,1996,13167
915,1996,12563
916,1996,9358
917,1996,10823
918,1996,9044
919,1996,8248
920,1996,11385
921,1996,12623
922,1996,12362
923,1996,12256
924,1996,11976
925,1996,9152
926,1996,8358
927,1996,11421
928,1996,12619
929,1996,12660
930,1996,12247
931,1996,12049
932,1996,9107
933,1996,8349
934,1996,11164
935,1996,12731
936,1996,12214
937,1996,12307
938,1996,12082
939,1996,9012
940,1996,8227
941,1996,11232
942,1996,12519
943,1996,12128
944,1996,12153
945,1996,12088
946,1996,9174
947,1996,8327
948,1996,11268
949,1996,12508
950,1996,12277
951,1996,12385
952,1996,12167
953,1996,9175
954,1996,8310
955,1996,11499
956,1996,12407
957,1996,12294
958,1996,12180
959,1996,12419
960,1996,9290
961,1996,8305
962,1996,11392
963,1996,12270
964,1996,12338
965,1996,12291
966,1996,12213
967,1996,9130
968,1996,8212
969,1996,11201
970,1996,12573
971,1996,12339
972,1996,12509
973,1996,12479
974,1996,9144
975,1996,8250
976,1996,8331
977,1996,11506
978,1996,12970
979,1996,12657
980,1996,12629
981,1996,9396
982,1996,8354
983,1996,11543
984,1996,12662
985,1996,12420
986,1996,12486
987,1996,12019
988,1996,9323
989,1996,8561
990,1996,12107
991,1996,13063
992,1996,12630
993,1996,12535
994,1996,12754
995,1996,9492
996,1996,8694
997,1996,11605
998,1996,12910
999,1996,12768
1000,1996,12684
1001,1996,12756
1002,1996,9359
1003,1996,8393
1004,1996,11491
1005,1996,12851
1006,1996,12347
1007,1996,12248
1008,1996,12224
1009,1996,8900
1010,1996,7960
1011,1996,11186
1012,1996,12311
1013,1996,12069
1014,1996,12157
1015,1996,11582
1016,1996,8710
1017,1996,7970
1018,1996,10770
1019,1996,12272
1020,1996,11894
1021,1996,11764
1022,1996,11495
1023,1996,8459
1024,1996,7786
1025,1996,10790
1026,1996,11857
1027,1996,11807
1028,1996,11538
1029,1996,11618
1030,1996,8695
1031,1996,8061
1032,1996,10846
1033,1996,12054
1034,1996,11812
1035,1996,10313
1036,1996,11717
1037,1996,8614
1038,1996,7753
1039,1996,10846
1040,1996,12019
1041,1996,11575
1042,1996,11854
1043,1996,11880
1044,1996,8780
1045,1996,7666
1046,1996,10586
1047,1996,11687
1048,1996,11065
1049,1996,11516
1050,1996,11523
1051,1996,8562
1052,1996,7808
1053,1996,10712
1054,1996,12001
1055,1996,11557
1056,1996,11617
1057,1996,11713
1058,1996,8535
1059,1996,7452
1060,1996,11352
1061,1996,12451
1062,1996,11169
1063,1996,7770
1064,1996,9302
1065,1996,8315
1066,1996,7929
1067,1996,10969
1068,1996,12123
1069,1996,11837
1070,1996,11587
1071,1996,11547
1072,1996,8505
1073,1996,7730
1074,1996,10642
1075,1996,11900
1076,1996,11521
1077,1996,11845
1078,1996,10623
1079,1996,8618
1080,1996,7717
1081,1996,11193
1082,1996,12379
1083,1996,12116
1084,1996,12181
1085,1996,12552
1086,1996,8684
1087,1996,7749
1088,1996,10604
1089,1996,9114
1090,1996,7092
1091,1996,10321
1092,1996,12260
1093,1996,9103
1094,1996,8193
1095,1996,11911
1096,1996,11924
1097,1997,8349
1098,1997,9914
1099,1997,11196
1100,1997,8617
1101,1997,7657
1102,1997,10456
1103,1997,11615
1104,1997,10872
1105,1997,10981
1106,1997,11545
1107,1997,8368
1108,1997,7524
1109,1997,10267
1110,1997,11502
1111,1997,11319
1112,1997,11311
1113,1997,11321
1114,1997,8340
1115,1997,7527
1116,1997,10444
1117,1997,11536
1118,1997,11508
1119,1997,11511
1120,1997,11410
1121,1997,8634
1122,1997,7526
1123,1997,10527
1124,1997,11661
1125,1997,11084
1126,1997,11171
1127,1997,11518
1128,1997,8488
1129,1997,7706
1130,1997,10596
1131,1997,11621
1132,1997,11291
1133,1997,11228
1134,1997,11538
1135,1997,8411
1136,1997,7566
1137,1997,10778
1138,1997,11734
1139,1997,11548
1140,1997,11288
1141,1997,12321
1142,1997,8805
1143,1997,7670
1144,1997,10023
1145,1997,11126
1146,1997,11574
1147,1997,11571
1148,1997,11458
1149,1997,8845
1150,1997,7553
1151,1997,10481
1152,1997,11566
1153,1997,11573
1154,1997,11666
1155,1997,11516
1156,1997,8589
1157,1997,7681
1158,1997,10837
1159,1997,11909
1160,1997,11570
1161,1997,11523
1162,1997,11571
1163,1997,8700
1164,1997,7649
1165,1997,10691
1166,1997,11944
1167,1997,11661
1168,1997,11397
1169,1997,11573
1170,1997,8521
1171,1997,7617
1172,1997,10881
1173,1997,11726
1174,1997,11550
1175,1997,11634
1176,1997,11846
1177,1997,8641
1178,1997,7594
1179,1997,10903
1180,1997,12160
1181,1997,11845
1182,1997,11745
1183,1997,11184
1184,1997,8329
1185,1997,7458
1186,1997,10283
1187,1997,10799
1188,1997,11662
1189,1997,11669
1190,1997,11657
1191,1997,8576
1192,1997,7207
1193,1997,10726
1194,1997,11840
1195,1997,11356
1196,1997,11499
1197,1997,11348
1198,1997,8444
1199,1997,7559
1200,1997,10620
1201,1997,11714
1202,1997,11652
1203,1997,11743
1204,1997,11560
1205,1997,8497
1206,1997,7673
1207,1997,10793
1208,1997,11979
1209,1997,11783
1210,1997,11755
1211,1997,11295
1212,1997,8285
1213,1997,7410
1214,1997,10265
1215,1997,11518
1216,1997,11346
1217,1997,11608
1218,1997,11686
1219,1997,8502
1220,1997,7868
1221,1997,10982
1222,1997,11855
1223,1997,11781
1224,1997,11861
1225,1997,11701
1226,1997,8568
1227,1997,7493
1228,1997,11247
1229,1997,12031
1230,1997,11703
1231,1997,12109
1232,1997,11749
1233,1997,8493
1234,1997,7845
1235,1997,11189
1236,1997,12346
1237,1997,11910
1238,1997,12023
1239,1997,12212
1240,1997,8756
1241,1997,7873
1242,1997,8079
1243,1997,11045
1244,1997,12545
1245,1997,12357
1246,1997,12061
1247,1997,8853
1248,1997,7763
1249,1997,10716
1250,1997,12037
1251,1997,11794
1252,1997,11826
1253,1997,11938
1254,1997,8678
1255,1997,7578
1256,1997,10854
1257,1997,12251
1258,1997,12075
1259,1997,11882
1260,1997,11214
1261,1997,8835
1262,1997,7777
1263,1997,11212
1264,1997,12190
1265,1997,11875
1266,1997,12012
1267,1997,12192
1268,1997,8751
1269,1997,8199
1270,1997,11031
1271,1997,12511
1272,1997,12264
1273,1997,12291
1274,1997,11916
1275,1997,9184
1276,1997,7823
1277,1997,11198
1278,1997,13003
1279,1997,12820
1280,1997,12433
1281,1997,9445
1282,1997,8255
1283,1997,7860
1284,1997,11501
1285,1997,12927
1286,1997,12292
1287,1997,12451
1288,1997,12132
1289,1997,8841
1290,1997,8092
1291,1997,11198
1292,1997,12625
1293,1997,12474
1294,1997,12552
1295,1997,12101
1296,1997,9055
1297,1997,7973
1298,1997,11410
1299,1997,12928
1300,1997,12319
1301,1997,11988
1302,1997,12178
1303,1997,8939
1304,1997,8213
1305,1997,11465
1306,1997,12482
1307,1997,12356
1308,1997,12198
1309,1997,12084
1310,1997,8775
1311,1997,8044
1312,1997,11189
1313,1997,12585
1314,1997,12046
1315,1997,12141
1316,1997,12110
1317,1997,8876
1318,1997,8174
1319,1997,11274
1320,1997,12632
1321,1997,11963
1322,1997,12342
1323,1997,12240
1324,1997,9066
1325,1997,8125
1326,1997,11387
1327,1997,12479
1328,1997,12394
1329,1997,12121
1330,1997,12081
1331,1997,8950
1332,1997,8053
1333,1997,11094
1334,1997,12577
1335,1997,12270
1336,1997,12475
1337,1997,12422
1338,1997,9078
1339,1997,8075
1340,1997,8116
1341,1997,11307
1342,1997,12720
1343,1997,12462
1344,1997,12454
1345,1997,9074
1346,1997,8281
1347,1997,11244
1348,1997,12457
1349,1997,12182
1350,1997,12467
1351,1997,12394
1352,1997,9053
1353,1997,8265
1354,1997,11584
1355,1997,12891
1356,1997,12793
1357,1997,12372
1358,1997,12560
1359,1997,8968
1360,1997,8253
1361,1997,11474
1362,1997,12621
1363,1997,12193
1364,1997,12132
1365,1997,12057
1366,1997,9119
1367,1997,8104
1368,1997,11453
1369,1997,12550
1370,1997,12161
1371,1997,11903
1372,1997,11939
1373,1997,8787
1374,1997,7726
1375,1997,11123
1376,1997,12261
1377,1997,11689
1378,1997,11623
1379,1997,11627
1380,1997,8489
1381,1997,7358
1382,1997,10180
1383,1997,11859
1384,1997,11450
1385,1997,11481
1386,1997,11451
1387,1997,8393
1388,1997,7604
1389,1997,10782
1390,1997,11957
1391,1997,11490
1392,1997,11561
1393,1997,11607
1394,1997,8438
1395,1997,8000
1396,1997,10824
1397,1997,11753
1398,1997,11593
1399,1997,11406
1400,1997,10142
1401,1997,8706
1402,1997,7884
1403,1997,10909
1404,1997,12210
1405,1997,11704
1406,1997,11608
1407,1997,11624
1408,1997,8577
1409,1997,7794
1410,1997,10796
1411,1997,12022
1412,1997,11485
1413,1997,11233
1414,1997,11615
1415,1997,8483
1416,1997,7757
1417,1997,10945
1418,1997,12014
1419,1997,11529
1420,1997,11754
1421,1997,11930
1422,1997,8769
1423,1997,7803
1424,1997,11583
1425,1997,12618
1426,1997,11216
1427,1997,7680
1428,1997,9172
1429,1997,8269
1430,1997,7593
1431,1997,11195
1432,1997,12509
1433,1997,11997
1434,1997,11810
1435,1997,11385
1436,1997,8316
1437,1997,7608
1438,1997,10696
1439,1997,11825
1440,1997,11555
1441,1997,11431
1442,1997,11380
1443,1997,8178
1444,1997,7504
1445,1997,11054
1446,1997,12506
1447,1997,12199
1448,1997,12543
1449,1997,12543
1450,1997,8997
1451,1997,7675
1452,1997,12021
1453,1997,12061
1454,1997,9129
1455,1997,7055
1456,1997,10075
1457,1997,8679
1458,1997,7864
1459,1997,12206
1460,1997,13521
1461,1997,11818
1462,1998,8213
1463,1998,9784
1464,1998,8437
1465,1998,7807
1466,1998,10556
1467,1998,11843
1468,1998,11428
1469,1998,11526
1470,1998,11469
1471,1998,8612
1472,1998,7642
1473,1998,10553
1474,1998,11850
1475,1998,11542
1476,1998,11491
1477,1998,11535
1478,1998,8698
1479,1998,7690
1480,1998,10325
1481,1998,11806
1482,1998,11650
1483,1998,11680
1484,1998,11389
1485,1998,8525
1486,1998,7586
1487,1998,10771
1488,1998,11813
1489,1998,11483
1490,1998,11513
1491,1998,11616
1492,1998,8507
1493,1998,7650
1494,1998,10867
1495,1998,11659
1496,1998,11745
1497,1998,11529
1498,1998,11573
1499,1998,8567
1500,1998,7952
1501,1998,11113
1502,1998,12166
1503,1998,11752
1504,1998,12329
1505,1998,11203
1506,1998,9112
1507,1998,7957
1508,1998,10471
1509,1998,11923
1510,1998,12022
1511,1998,11802
1512,1998,11879
1513,1998,8759
1514,1998,7779
1515,1998,10871
1516,1998,12185
1517,1998,11815
1518,1998,11817
1519,1998,11536
1520,1998,8678
1521,1998,7798
1522,1998,11019
1523,1998,12180
1524,1998,11740
1525,1998,12046
1526,1998,11811
1527,1998,8510
1528,1998,7699
1529,1998,10801
1530,1998,12150
1531,1998,11752
1532,1998,11883
1533,1998,11120
1534,1998,8697
1535,1998,7808
1536,1998,10836
1537,1998,12343
1538,1998,11918
1539,1998,11728
1540,1998,11703
1541,1998,8730
1542,1998,7625
1543,1998,10779
1544,1998,11960
1545,1998,11757
1546,1998,11983
1547,1998,11715
1548,1998,8399
1549,1998,7831
1550,1998,10990
1551,1998,12125
1552,1998,10992
1553,1998,11944
1554,1998,11976
1555,1998,8715
1556,1998,7240
1557,1998,10904
1558,1998,12255
1559,1998,11992
1560,1998,11868
1561,1998,11118
1562,1998,8437
1563,1998,7330
1564,1998,10383
1565,1998,12207
1566,1998,11898
1567,1998,11931
1568,1998,11820
1569,1998,8595
1570,1998,7557
1571,1998,10848
1572,1998,12213
1573,1998,11730
1574,1998,11729
1575,1998,11511
1576,1998,8469
1577,1998,7774
1578,1998,10832
1579,1998,12175
1580,1998,11565
1581,1998,11750
1582,1998,11776
1583,1998,8595
1584,1998,7750
1585,1998,11071
1586,1998,12440
1587,1998,12177
1588,1998,12037
1589,1998,11868
1590,1998,8701
1591,1998,7716
1592,1998,10760
1593,1998,12225
1594,1998,11511
1595,1998,11913
1596,1998,12113
1597,1998,8778
1598,1998,7810
1599,1998,11228
1600,1998,12567
1601,1998,12241
1602,1998,12482
1603,1998,12312
1604,1998,8764
1605,1998,7888
1606,1998,7953
1607,1998,11573
1608,1998,12590
1609,1998,12674
1610,1998,12255
1611,1998,8837
1612,1998,7914
1613,1998,11005
1614,1998,11762
1615,1998,11898
1616,1998,11778
1617,1998,11752
1618,1998,8892
1619,1998,7558
1620,1998,10791
1621,1998,12122
1622,1998,12007
1623,1998,11996
1624,1998,11830
1625,1998,8769
1626,1998,7836
1627,1998,11280
1628,1998,12519
1629,1998,12038
1630,1998,11968
1631,1998,11877
1632,1998,8819
1633,1998,7794
1634,1998,11218
1635,1998,12351
1636,1998,12246
1637,1998,12258
1638,1998,12050
1639,1998,8840
1640,1998,7930
1641,1998,11025
1642,1998,12882
1643,1998,12680
1644,1998,12517
1645,1998,10371
1646,1998,8372
1647,1998,7694
1648,1998,11030
1649,1998,12753
1650,1998,12535
1651,1998,12463
1652,1998,12288
1653,1998,8996
1654,1998,8096
1655,1998,11149
1656,1998,13034
1657,1998,12593
1658,1998,12467
1659,1998,12345
1660,1998,8905
1661,1998,8018
1662,1998,11598
1663,1998,12686
1664,1998,12785
1665,1998,12536
1666,1998,12287
1667,1998,8888
1668,1998,8069
1669,1998,11350
1670,1998,12919
1671,1998,12556
1672,1998,12375
1673,1998,12296
1674,1998,8784
1675,1998,7876
1676,1998,11277
1677,1998,12758
1678,1998,12244
1679,1998,12535
1680,1998,12258
1681,1998,9256
1682,1998,8168
1683,1998,11622
1684,1998,12857
1685,1998,12577
1686,1998,12487
1687,1998,12486
1688,1998,9296
1689,1998,8176
1690,1998,11565
1691,1998,12878
1692,1998,12491
1693,1998,12467
1694,1998,12496
1695,1998,9106
1696,1998,8252
1697,1998,11627
1698,1998,12908
1699,1998,12459
1700,1998,12595
1701,1998,12447
1702,1998,9230
1703,1998,8162
1704,1998,11396
1705,1998,12677
1706,1998,12289
1707,1998,12474
1708,1998,12820
1709,1998,9057
1710,1998,7979
1711,1998,8428
1712,1998,12092
1713,1998,13501
1714,1998,13306
1715,1998,12920
1716,1998,9463
1717,1998,8434
1718,1998,11694
1719,1998,12975
1720,1998,12768
1721,1998,12905
1722,1998,13030
1723,1998,9541
1724,1998,8431
1725,1998,11647
1726,1998,12774
1727,1998,12805
1728,1998,12708
1729,1998,12501
1730,1998,9230
1731,1998,8279
1732,1998,11744
1733,1998,12716
1734,1998,12196
1735,1998,12410
1736,1998,12247
1737,1998,8895
1738,1998,7927
1739,1998,11235
1740,1998,12555
1741,1998,12119
1742,1998,12128
1743,1998,11750
1744,1998,8610
1745,1998,7785
1746,1998,10645
1747,1998,11815
1748,1998,12063
1749,1998,12049
1750,1998,11792
1751,1998,8475
1752,1998,7795
1753,1998,10797
1754,1998,12404
1755,1998,11721
1756,1998,11866
1757,1998,11644
1758,1998,8447
1759,1998,7768
1760,1998,10967
1761,1998,11996
1762,1998,11841
1763,1998,11667
1764,1998,11213
1765,1998,8164
1766,1998,7849
1767,1998,11139
1768,1998,12235
1769,1998,11726
1770,1998,12007
1771,1998,11773
1772,1998,8623
1773,1998,7615
1774,1998,11171
1775,1998,12312
1776,1998,11662
1777,1998,11904
1778,1998,10968
1779,1998,8689
1780,1998,7759
1781,1998,11103
1782,1998,12348
1783,1998,11729
1784,1998,11815
1785,1998,12095
1786,1998,8687
1787,1998,7649
1788,1998,11942
1789,1998,13143
1790,1998,11311
1791,1998,7658
1792,1998,9185
1793,1998,8295
1794,1998,7732
1795,1998,11117
1796,1998,12612
1797,1998,12003
1798,1998,11990
1799,1998,11661
1800,1998,8368
1801,1998,7614
1802,1998,10872
1803,1998,12354
1804,1998,11824
1805,1998,11685
1806,1998,11284
1807,1998,8418
1808,1998,7460
1809,1998,11063
1810,1998,12430
1811,1998,12256
1812,1998,12572
1813,1998,12634
1814,1998,8804
1815,1998,7792
1816,1998,12414
1817,1998,13286
1818,1998,11149
1819,1998,8464
1820,1998,7020
1821,1998,7735
1822,1998,7829
1823,1998,11980
1824,1998,13637
1825,1998,13297
1826,1998,11389
1827,1999,8163
1828,1999,7637
1829,1999,7416
1830,1999,10396
1831,1999,12004
1832,1999,11718
1833,1999,11901
1834,1999,11772
1835,1999,8466
1836,1999,7704
1837,1999,10816
1838,1999,12190
1839,1999,11626
1840,1999,11767
1841,1999,11704
1842,1999,8444
1843,1999,7679
1844,1999,10508
1845,1999,11812
1846,1999,11901
1847,1999,12027
1848,1999,11677
1849,1999,8587
1850,1999,7597
1851,1999,10973
1852,1999,11915
1853,1999,11548
1854,1999,11745
1855,1999,11571
1856,1999,8473
1857,1999,7445
1858,1999,10718
1859,1999,12037
1860,1999,11747
1861,1999,11811
1862,1999,11693
1863,1999,8394
1864,1999,7675
1865,1999,11022
1866,1999,12157
1867,1999,11849
1868,1999,12086
1869,1999,11709
1870,1999,8298
1871,1999,7902
1872,1999,10431
1873,1999,11987
1874,1999,11868
1875,1999,11909
1876,1999,11818
1877,1999,8604
1878,1999,7664
1879,1999,10958
1880,1999,11875
1881,1999,11761
1882,1999,11716
1883,1999,11615
1884,1999,8458
1885,1999,7806
1886,1999,10958
1887,1999,12288
1888,1999,11998
1889,1999,11767
1890,1999,11841
1891,1999,8616
1892,1999,7578
1893,1999,10749
1894,1999,11896
1895,1999,11823
1896,1999,11832
1897,1999,11834
1898,1999,8436
1899,1999,7549
1900,1999,10830
1901,1999,12134
1902,1999,11928
1903,1999,11915
1904,1999,11554
1905,1999,8621
1906,1999,7582
1907,1999,10743
1908,1999,12132
1909,1999,11764
1910,1999,11879
1911,1999,11543
1912,1999,8592
1913,1999,7389
1914,1999,11259
1915,1999,12071
1916,1999,11838
1917,1999,11313
1918,1999,11354
1919,1999,8059
1920,1999,7067
1921,1999,10820
1922,1999,12063
1923,1999,11941
1924,1999,11724
1925,1999,11550
1926,1999,8364
1927,1999,7510
1928,1999,10849
1929,1999,11884
1930,1999,11669
1931,1999,11818
1932,1999,11546
1933,1999,8633
1934,1999,7394
1935,1999,10767
1936,1999,12067
1937,1999,11636
1938,1999,11763
1939,1999,11533
1940,1999,8301
1941,1999,7370
1942,1999,10806
1943,1999,12013
1944,1999,11915
1945,1999,11743
1946,1999,11417
1947,1999,8522
1948,1999,7537
1949,1999,10972
1950,1999,12455
1951,1999,12278
1952,1999,12267
1953,1999,11857
1954,1999,8314
1955,1999,7630
1956,1999,11158
1957,1999,12316
1958,1999,12111
1959,1999,11801
1960,1999,11874
1961,1999,8492
1962,1999,7600
1963,1999,11106
1964,1999,12438
1965,1999,11758
1966,1999,11944
1967,1999,11895
1968,1999,8558
1969,1999,7700
1970,1999,11340
1971,1999,12833
1972,1999,12346
1973,1999,12640
1974,1999,12405
1975,1999,8875
1976,1999,7661
1977,1999,7843
1978,1999,11583
1979,1999,12961
1980,1999,12796
1981,1999,12340
1982,1999,8814
1983,1999,7691
1984,1999,11105
1985,1999,12338
1986,1999,12010
1987,1999,12259
1988,1999,12028
1989,1999,8654
1990,1999,7648
1991,1999,11145
1992,1999,12525
1993,1999,12089
1994,1999,12069
1995,1999,11861
1996,1999,8621
1997,1999,7675
1998,1999,11492
1999,1999,12527
2000,1999,12130
2001,1999,12343
2002,1999,11768
2003,1999,8922
2004,1999,7968
2005,1999,11506
2006,1999,12853
2007,1999,12480
2008,1999,12828
2009,1999,12525
2010,1999,8764
2011,1999,7973
2012,1999,8413
2013,1999,11799
2014,1999,13343
2015,1999,13245
2016,1999,12566
2017,1999,9196
2018,1999,7882
2019,1999,11489
2020,1999,12646
2021,1999,12631
2022,1999,12795
2023,1999,12582
2024,1999,9034
2025,1999,8025
2026,1999,11556
2027,1999,12849
2028,1999,12685
2029,1999,12945
2030,1999,12674
2031,1999,9258
2032,1999,8182
2033,1999,11687
2034,1999,12903
2035,1999,12803
2036,1999,12840
2037,1999,12537
2038,1999,9157
2039,1999,8167
2040,1999,11663
2041,1999,12660
2042,1999,12564
2043,1999,12587
2044,1999,12448
2045,1999,9070
2046,1999,8074
2047,1999,11408
2048,1999,13035
2049,1999,12572
2050,1999,13103
2051,1999,11924
2052,1999,9143
2053,1999,8190
2054,1999,11753
2055,1999,13201
2056,1999,12833
2057,1999,12783
2058,1999,12764
2059,1999,9114
2060,1999,7964
2061,1999,11673
2062,1999,13035
2063,1999,12595
2064,1999,12628
2065,1999,12570
2066,1999,9387
2067,1999,8203
2068,1999,11568
2069,1999,12692
2070,1999,12572
2071,1999,12896
2072,1999,12914
2073,1999,8953
2074,1999,8203
2075,1999,8249
2076,1999,11969
2077,1999,13437
2078,1999,14540
2079,1999,13181
2080,1999,9634
2081,1999,8463
2082,1999,11481
2083,1999,12770
2084,1999,12880
2085,1999,12843
2086,1999,13142
2087,1999,9599
2088,1999,8559
2089,1999,11961
2090,1999,13384
2091,1999,12994
2092,1999,13149
2093,1999,13009
2094,1999,9568
2095,1999,8290
2096,1999,12103
2097,1999,13358
2098,1999,12785
2099,1999,12523
2100,1999,12544
2101,1999,9099
2102,1999,7888
2103,1999,11506
2104,1999,12871
2105,1999,12534
2106,1999,12306
2107,1999,12341
2108,1999,8804
2109,1999,7835
2110,1999,11203
2111,1999,12442
2112,1999,12041
2113,1999,12115
2114,1999,12187
2115,1999,8594
2116,1999,7562
2117,1999,11021
2118,1999,12354
2119,1999,11830
2120,1999,11960
2121,1999,11912
2122,1999,8404
2123,1999,7465
2124,1999,11077
2125,1999,12221
2126,1999,11654
2127,1999,11693
2128,1999,11534
2129,1999,8488
2130,1999,7495
2131,1999,10839
2132,1999,12098
2133,1999,11803
2134,1999,11806
2135,1999,11868
2136,1999,8533
2137,1999,7481
2138,1999,11049
2139,1999,12092
2140,1999,11632
2141,1999,11802
2142,1999,11556
2143,1999,8349
2144,1999,7526
2145,1999,10928
2146,1999,12263
2147,1999,11665
2148,1999,11908
2149,1999,12128
2150,1999,8630
2151,1999,7514
2152,1999,12104
2153,1999,12804
2154,1999,11409
2155,1999,7529
2156,1999,8892
2157,1999,8024
2158,1999,7418
2159,1999,11095
2160,1999,12544
2161,1999,12282
2162,1999,11976
2163,1999,11591
2164,1999,8333
2165,1999,7503
2166,1999,10956
2167,1999,12329
2168,1999,11849
2169,1999,11728
2170,1999,11459
2171,1999,8442
2172,1999,7528
2173,1999,10830
2174,1999,12667
2175,1999,12623
2176,1999,12441
2177,1999,12453
2178,1999,8979
2179,1999,7732
2180,1999,12497
2181,1999,13508
2182,1999,12166
2183,1999,10591
2184,1999,8046
2185,1999,6674
2186,1999,7432
2187,1999,11579
2188,1999,13158
2189,1999,12629
2190,1999,11935
2191,1999,9335
2192,2000,8843
2193,2000,7816
2194,2000,11123
2195,2000,12703
2196,2000,12240
2197,2000,12260
2198,2000,12280
2199,2000,8750
2200,2000,7736
2201,2000,11418
2202,2000,12323
2203,2000,12057
2204,2000,11556
2205,2000,11924
2206,2000,8365
2207,2000,7499
2208,2000,10601
2209,2000,12086
2210,2000,12083
2211,2000,12188
2212,2000,11667
2213,2000,8633
2214,2000,7712
2215,2000,11184
2216,2000,12253
2217,2000,11879
2218,2000,12136
2219,2000,11673
2220,2000,8635
2221,2000,7603
2222,2000,10882
2223,2000,12359
2224,2000,12082
2225,2000,11806
2226,2000,11828
2227,2000,8474
2228,2000,7730
2229,2000,11375
2230,2000,12591
2231,2000,12024
2232,2000,12339
2233,2000,12182
2234,2000,8674
2235,2000,7801
2236,2000,11920
2237,2000,12711
2238,2000,12256
2239,2000,12274
2240,2000,12162
2241,2000,8693
2242,2000,7763
2243,2000,10406
2244,2000,12401
2245,2000,11972
2246,2000,12160
2247,2000,11971
2248,2000,8847
2249,2000,7716
2250,2000,11215
2251,2000,11645
2252,2000,12407
2253,2000,12261
2254,2000,12120
2255,2000,8861
2256,2000,7599
2257,2000,11122
2258,2000,12133
2259,2000,12061
2260,2000,12303
2261,2000,11898
2262,2000,8657
2263,2000,7762
2264,2000,10946
2265,2000,12523
2266,2000,12114
2267,2000,12154
2268,2000,12147
2269,2000,8502
2270,2000,7623
2271,2000,11281
2272,2000,12370
2273,2000,12047
2274,2000,12168
2275,2000,12104
2276,2000,8975
2277,2000,7675
2278,2000,11051
2279,2000,12394
2280,2000,11806
2281,2000,11851
2282,2000,11638
2283,2000,8238
2284,2000,7419
2285,2000,11178
2286,2000,12523
2287,2000,11946
2288,2000,11929
2289,2000,12004
2290,2000,8583
2291,2000,7628
2292,2000,11108
2293,2000,12567
2294,2000,12241
2295,2000,11677
2296,2000,11829
2297,2000,8718
2298,2000,7725
2299,2000,11115
2300,2000,12525
2301,2000,12251
2302,2000,12055
2303,2000,11080
2304,2000,8233
2305,2000,7375
2306,2000,11109
2307,2000,12237
2308,2000,11994
2309,2000,12013
2310,2000,11785
2311,2000,8580
2312,2000,7515
2313,2000,11399
2314,2000,12692
2315,2000,12017
2316,2000,12212
2317,2000,12252
2318,2000,8689
2319,2000,7675
2320,2000,11384
2321,2000,12470
2322,2000,12342
2323,2000,12185
2324,2000,11928
2325,2000,8569
2326,2000,7495
2327,2000,11316
2328,2000,12581
2329,2000,12487
2330,2000,12336
2331,2000,11961
2332,2000,8476
2333,2000,7741
2334,2000,11365
2335,2000,12806
2336,2000,12427
2337,2000,12752
2338,2000,12503
2339,2000,8866
2340,2000,7758
2341,2000,8099
2342,2000,11699
2343,2000,12725
2344,2000,13114
2345,2000,12428
2346,2000,8776
2347,2000,7860
2348,2000,11458
2349,2000,12434
2350,2000,12217
2351,2000,12508
2352,2000,12275
2353,2000,8956
2354,2000,7961
2355,2000,11580
2356,2000,12416
2357,2000,12599
2358,2000,12528
2359,2000,12524
2360,2000,8981
2361,2000,8024
2362,2000,11425
2363,2000,12764
2364,2000,12497
2365,2000,12561
2366,2000,12364
2367,2000,8952
2368,2000,8057
2369,2000,11914
2370,2000,13103
2371,2000,12776
2372,2000,13184
2373,2000,12970
2374,2000,9215
2375,2000,7933
2376,2000,11080
2377,2000,9394
2378,2000,12078
2379,2000,13558
2380,2000,13372
2381,2000,9479
2382,2000,8435
2383,2000,12161
2384,2000,13267
2385,2000,12543
2386,2000,12684
2387,2000,12941
2388,2000,9392
2389,2000,8313
2390,2000,11876
2391,2000,13354
2392,2000,12718
2393,2000,12855
2394,2000,12767
2395,2000,9269
2396,2000,8011
2397,2000,11916
2398,2000,12943
2399,2000,12700
2400,2000,12849
2401,2000,12654
2402,2000,9303
2403,2000,8289
2404,2000,11626
2405,2000,13081
2406,2000,12489
2407,2000,12834
2408,2000,12681
2409,2000,9236
2410,2000,8201
2411,2000,11628
2412,2000,13334
2413,2000,12926
2414,2000,12694
2415,2000,12478
2416,2000,9072
2417,2000,8174
2418,2000,11638
2419,2000,13067
2420,2000,12876
2421,2000,12828
2422,2000,12839
2423,2000,9102
2424,2000,8122
2425,2000,11711
2426,2000,13172
2427,2000,12685
2428,2000,12737
2429,2000,12623
2430,2000,9193
2431,2000,8086
2432,2000,11794
2433,2000,12922
2434,2000,12805
2435,2000,13052
2436,2000,12826
2437,2000,9066
2438,2000,8080
2439,2000,8412
2440,2000,11871
2441,2000,13577
2442,2000,13194
2443,2000,13166
2444,2000,9617
2445,2000,8354
2446,2000,12091
2447,2000,13263
2448,2000,12965
2449,2000,13432
2450,2000,13245
2451,2000,9580
2452,2000,8512
2453,2000,12244
2454,2000,13533
2455,2000,13384
2456,2000,13050
2457,2000,12893
2458,2000,9304
2459,2000,8392
2460,2000,12150
2461,2000,13210
2462,2000,13137
2463,2000,13202
2464,2000,12724
2465,2000,9135
2466,2000,8279
2467,2000,11905
2468,2000,12969
2469,2000,12841
2470,2000,12943
2471,2000,12491
2472,2000,8925
2473,2000,7956
2474,2000,11022
2475,2000,12750
2476,2000,12564
2477,2000,12756
2478,2000,11468
2479,2000,8985
2480,2000,7972
2481,2000,11702
2482,2000,12805
2483,2000,12470
2484,2000,12195
2485,2000,12146
2486,2000,8765
2487,2000,7772
2488,2000,11526
2489,2000,12685
2490,2000,12463
2491,2000,12475
2492,2000,12051
2493,2000,8790
2494,2000,7954
2495,2000,11227
2496,2000,11069
2497,2000,12579
2498,2000,12734
2499,2000,12329
2500,2000,8853
2501,2000,7890
2502,2000,11520
2503,2000,12592
2504,2000,12506
2505,2000,12502
2506,2000,12300
2507,2000,9052
2508,2000,7874
2509,2000,11129
2510,2000,12776
2511,2000,12623
2512,2000,12706
2513,2000,12606
2514,2000,8906
2515,2000,7872
2516,2000,12625
2517,2000,13672
2518,2000,12038
2519,2000,7939
2520,2000,9539
2521,2000,8320
2522,2000,7793
2523,2000,11831
2524,2000,13446
2525,2000,12786
2526,2000,12473
2527,2000,12219
2528,2000,8622
2529,2000,7748
2530,2000,11176
2531,2000,12607
2532,2000,12363
2533,2000,12498
2534,2000,12263
2535,2000,8635
2536,2000,7807
2537,2000,11506
2538,2000,13189
2539,2000,12214
2540,2000,12313
2541,2000,12368
2542,2000,8981
2543,2000,7845
2544,2000,12276
2545,2000,13430
2546,2000,13391
2547,2000,13146
2548,2000,11937
2549,2000,8294
2550,2000,6801
2551,2000,6566
2552,2000,10070
2553,2000,12858
2554,2000,13532
2555,2000,13234
2556,2000,9177
2557,2000,7721
2558,2001,7437
2559,2001,10346
2560,2001,12113
2561,2001,12429
2562,2001,12427
2563,2001,9019
2564,2001,7747
2565,2001,11239
2566,2001,12105
2567,2001,12160
2568,2001,12155
2569,2001,12464
2570,2001,8647
2571,2001,7674
2572,2001,10720
2573,2001,12041
2574,2001,12046
2575,2001,12362
2576,2001,12044
2577,2001,8602
2578,2001,7668
2579,2001,11219
2580,2001,12176
2581,2001,12046
2582,2001,12316
2583,2001,11993
2584,2001,8640
2585,2001,7641
2586,2001,11269
2587,2001,12237
2588,2001,12216
2589,2001,12186
2590,2001,12188
2591,2001,8476
2592,2001,7608
2593,2001,11546
2594,2001,12247
2595,2001,12091
2596,2001,12147
2597,2001,12086
2598,2001,8637
2599,2001,7437
2600,2001,11413
2601,2001,12012
2602,2001,12890
2603,2001,12407
2604,2001,12119
2605,2001,8474
2606,2001,7422
2607,2001,10356
2608,2001,12113
2609,2001,12206
2610,2001,12234
2611,2001,12040
2612,2001,8491
2613,2001,7646
2614,2001,11073
2615,2001,12068
2616,2001,11921
2617,2001,12263
2618,2001,12128
2619,2001,8761
2620,2001,7675
2621,2001,11182
2622,2001,12052
2623,2001,12094
2624,2001,12194
2625,2001,12242
2626,2001,8679
2627,2001,7564
2628,2001,11366
2629,2001,12273
2630,2001,12367
2631,2001,12286
2632,2001,12248
2633,2001,8850
2634,2001,7399
2635,2001,11099
2636,2001,12574
2637,2001,12394
2638,2001,12262
2639,2001,12213
2640,2001,8683
2641,2001,7689
2642,2001,11042
2643,2001,12328
2644,2001,12175
2645,2001,12166
2646,2001,11855
2647,2001,8581
2648,2001,7037
2649,2001,11430
2650,2001,12578
2651,2001,12409
2652,2001,12233
2653,2001,12221
2654,2001,8626
2655,2001,7594
2656,2001,11349
2657,2001,12745
2658,2001,12631
2659,2001,12511
2660,2001,10741
2661,2001,8102
2662,2001,7080
2663,2001,11002
2664,2001,12636
2665,2001,12151
2666,2001,11942
2667,2001,12047
2668,2001,8671
2669,2001,7643
2670,2001,11462
2671,2001,12720
2672,2001,12444
2673,2001,12309
2674,2001,12154
2675,2001,8474
2676,2001,7481
2677,2001,11190
2678,2001,12745
2679,2001,12289
2680,2001,12302
2681,2001,12062
2682,2001,8632
2683,2001,7861
2684,2001,11432
2685,2001,12751
2686,2001,12225
2687,2001,12398
2688,2001,12117
2689,2001,8537
2690,2001,7370
2691,2001,11343
2692,2001,12829
2693,2001,12373
2694,2001,12426
2695,2001,12132
2696,2001,8658
2697,2001,7597
2698,2001,11398
2699,2001,12785
2700,2001,12662
2701,2001,12932
2702,2001,12504
2703,2001,8790
2704,2001,7409
2705,2001,7810
2706,2001,11754
2707,2001,13112
2708,2001,12782
2709,2001,12426
2710,2001,8753
2711,2001,7762
2712,2001,11239
2713,2001,12401
2714,2001,12507
2715,2001,12333
2716,2001,12231
2717,2001,8604
2718,2001,7559
2719,2001,11521
2720,2001,12894
2721,2001,12102
2722,2001,12429
2723,2001,12192
2724,2001,8631
2725,2001,7607
2726,2001,11559
2727,2001,12517
2728,2001,12452
2729,2001,12323
2730,2001,12068
2731,2001,8304
2732,2001,7501
2733,2001,11363
2734,2001,12638
2735,2001,12560
2736,2001,12830
2737,2001,12683
2738,2001,9096
2739,2001,7953
2740,2001,12154
2741,2001,13081
2742,2001,9450
2743,2001,12264
2744,2001,12901
2745,2001,9357
2746,2001,8121
2747,2001,11794
2748,2001,13317
2749,2001,12690
2750,2001,12949
2751,2001,11978
2752,2001,9112
2753,2001,7922
2754,2001,12160
2755,2001,13357
2756,2001,12970
2757,2001,13031
2758,2001,12697
2759,2001,9189
2760,2001,7961
2761,2001,11836
2762,2001,13239
2763,2001,12785
2764,2001,12784
2765,2001,12441
2766,2001,8952
2767,2001,7787
2768,2001,11912
2769,2001,12903
2770,2001,12654
2771,2001,12846
2772,2001,12619
2773,2001,8993
2774,2001,7948
2775,2001,11735
2776,2001,13198
2777,2001,12884
2778,2001,13080
2779,2001,12833
2780,2001,9100
2781,2001,8130
2782,2001,11446
2783,2001,13037
2784,2001,13005
2785,2001,13126
2786,2001,12871
2787,2001,9097
2788,2001,7809
2789,2001,12030
2790,2001,13236
2791,2001,12855
2792,2001,12918
2793,2001,12736
2794,2001,9048
2795,2001,7977
2796,2001,11844
2797,2001,13465
2798,2001,12873
2799,2001,13232
2800,2001,13177
2801,2001,9090
2802,2001,8056
2803,2001,7950
2804,2001,12219
2805,2001,13730
2806,2001,13658
2807,2001,13465
2808,2001,9200
2809,2001,8184
2810,2001,12227
2811,2001,13238
2812,2001,12818
2813,2001,12857
2814,2001,13211
2815,2001,9470
2816,2001,8175
2817,2001,12412
2818,2001,13233
2819,2001,13244
2820,2001,13435
2821,2001,13034
2822,2001,9397
2823,2001,8341
2824,2001,12292
2825,2001,13695
2826,2001,13131
2827,2001,12965
2828,2001,12925
2829,2001,9043
2830,2001,7869
2831,2001,12109
2832,2001,13189
2833,2001,12756
2834,2001,12960
2835,2001,12589
2836,2001,8725
2837,2001,7621
2838,2001,11298
2839,2001,12580
2840,2001,12515
2841,2001,12304
2842,2001,12460
2843,2001,8526
2844,2001,7611
2845,2001,11394
2846,2001,12477
2847,2001,12297
2848,2001,12316
2849,2001,12121
2850,2001,8563
2851,2001,7331
2852,2001,11446
2853,2001,12571
2854,2001,12364
2855,2001,12220
2856,2001,11996
2857,2001,8292
2858,2001,7522
2859,2001,11143
2860,2001,12177
2861,2001,10601
2862,2001,12559
2863,2001,12056
2864,2001,8434
2865,2001,7392
2866,2001,11402
2867,2001,12345
2868,2001,12109
2869,2001,12233
2870,2001,12185
2871,2001,8529
2872,2001,7458
2873,2001,11423
2874,2001,12066
2875,2001,12258
2876,2001,12636
2877,2001,12708
2878,2001,8559
2879,2001,7371
2880,2001,12487
2881,2001,13252
2882,2001,11818
2883,2001,7363
2884,2001,9332
2885,2001,7916
2886,2001,7290
2887,2001,11498
2888,2001,12930
2889,2001,12207
2890,2001,12180
2891,2001,11750
2892,2001,8038
2893,2001,7216
2894,2001,11275
2895,2001,12293
2896,2001,12307
2897,2001,11892
2898,2001,11424
2899,2001,8189
2900,2001,7333
2901,2001,11345
2902,2001,12407
2903,2001,12510
2904,2001,11948
2905,2001,12143
2906,2001,8447
2907,2001,7309
2908,2001,12049
2909,2001,13300
2910,2001,13072
2911,2001,13558
2912,2001,13185
2913,2001,8879
2914,2001,7082
2915,2001,7448
2916,2001,6443
2917,2001,10735
2918,2001,13762
2919,2001,13918
2920,2001,9365
2921,2001,7679
2922,2001,10018
2923,2002,7790
2924,2002,10420
2925,2002,12134
2926,2002,12433
2927,2002,8760
2928,2002,7505
2929,2002,11371
2930,2002,12248
2931,2002,11391
2932,2002,12318
2933,2002,12048
2934,2002,8399
2935,2002,7355
2936,2002,11344
2937,2002,12101
2938,2002,11697
2939,2002,12077
2940,2002,12015
2941,2002,8301
2942,2002,7338
2943,2002,10741
2944,2002,12104
2945,2002,11970
2946,2002,12235
2947,2002,11867
2948,2002,8400
2949,2002,7387
2950,2002,11139
2951,2002,11963
2952,2002,11902
2953,2002,11921
2954,2002,11943
2955,2002,8799
2956,2002,7322
2957,2002,11176
2958,2002,12242
2959,2002,11934
2960,2002,12157
2961,2002,12223
2962,2002,8589
2963,2002,7461
2964,2002,11348
2965,2002,12467
2966,2002,11814
2967,2002,12785
2968,2002,12334
2969,2002,8563
2970,2002,7310
2971,2002,10729
2972,2002,12053
2973,2002,12516
2974,2002,12166
2975,2002,12459
2976,2002,8515
2977,2002,7372
2978,2002,11322
2979,2002,12227
2980,2002,12055
2981,2002,12096
2982,2002,12214
2983,2002,8310
2984,2002,7497
2985,2002,11422
2986,2002,12435
2987,2002,12152
2988,2002,12299
2989,2002,12037
2990,2002,8470
2991,2002,7529
2992,2002,10989
2993,2002,12384
2994,2002,11810
2995,2002,12358
2996,2002,12249
2997,2002,8596
2998,2002,7526
2999,2002,11434
3000,2002,12439
3001,2002,12278
3002,2002,12249
3003,2002,12056
3004,2002,8466
3005,2002,7314
3006,2002,11292
3007,2002,12562
3008,2002,12353
3009,2002,12265
3010,2002,11324
3011,2002,8177
3012,2002,7019
3013,2002,10090
3014,2002,12560
3015,2002,12147
3016,2002,12061
3017,2002,11812
3018,2002,8191
3019,2002,7008
3020,2002,11478
3021,2002,12465
3022,2002,12188
3023,2002,12040
3024,2002,12070
3025,2002,8345
3026,2002,7482
3027,2002,11220
3028,2002,12586
3029,2002,12271
3030,2002,12219
3031,2002,12054
3032,2002,8113
3033,2002,7205
3034,2002,11365
3035,2002,12255
3036,2002,12066
3037,2002,12249
3038,2002,11737
3039,2002,8127
3040,2002,7417
3041,2002,11230
3042,2002,12381
3043,2002,12080
3044,2002,12157
3045,2002,11923
3046,2002,8104
3047,2002,7338
3048,2002,11167
3049,2002,12265
3050,2002,12082
3051,2002,12035
3052,2002,12140
3053,2002,8216
3054,2002,7370
3055,2002,11235
3056,2002,12655
3057,2002,12489
3058,2002,12374
3059,2002,11963
3060,2002,8420
3061,2002,7358
3062,2002,11568
3063,2002,12675
3064,2002,12463
3065,2002,12871
3066,2002,12569
3067,2002,8374
3068,2002,7221
3069,2002,7667
3070,2002,11923
3071,2002,13213
3072,2002,12738
3073,2002,12354
3074,2002,8410
3075,2002,7469
3076,2002,11273
3077,2002,12391
3078,2002,12433
3079,2002,12478
3080,2002,12067
3081,2002,8392
3082,2002,7401
3083,2002,11664
3084,2002,12464
3085,2002,12499
3086,2002,12253
3087,2002,12364
3088,2002,8593
3089,2002,7575
3090,2002,11482
3091,2002,12898
3092,2002,12350
3093,2002,12633
3094,2002,12163
3095,2002,8576
3096,2002,7557
3097,2002,11724
3098,2002,13168
3099,2002,12850
3100,2002,13102
3101,2002,12779
3102,2002,8841
3103,2002,7739
3104,2002,12397
3105,2002,13862
3106,2002,13393
3107,2002,9346
3108,2002,11131
3109,2002,8715
3110,2002,7951
3111,2002,12060
3112,2002,13556
3113,2002,12998
3114,2002,12974
3115,2002,12505
3116,2002,8778
3117,2002,7781
3118,2002,12176
3119,2002,13352
3120,2002,13070
3121,2002,13183
3122,2002,12668
3123,2002,8684
3124,2002,7823
3125,2002,11949
3126,2002,13318
3127,2002,12969
3128,2002,13191
3129,2002,12745
3130,2002,8924
3131,2002,7812
3132,2002,11961
3133,2002,13342
3134,2002,13055
3135,2002,13042
3136,2002,12850
3137,2002,8857
3138,2002,7689
3139,2002,11938
3140,2002,13155
3141,2002,12764
3142,2002,13130
3143,2002,12664
3144,2002,8929
3145,2002,7869
3146,2002,12110
3147,2002,13284
3148,2002,13028
3149,2002,13277
3150,2002,12892
3151,2002,9138
3152,2002,7812
3153,2002,12040
3154,2002,13460
3155,2002,13069
3156,2002,12964
3157,2002,12934
3158,2002,8932
3159,2002,7833
3160,2002,11966
3161,2002,13504
3162,2002,13109
3163,2002,13143
3164,2002,13054
3165,2002,8981
3166,2002,7840
3167,2002,8085
3168,2002,12325
3169,2002,13675
3170,2002,13751
3171,2002,13399
3172,2002,9238
3173,2002,7956
3174,2002,12619
3175,2002,13644
3176,2002,12371
3177,2002,13982
3178,2002,12786
3179,2002,9258
3180,2002,8331
3181,2002,12520
3182,2002,13883
3183,2002,13655
3184,2002,13620
3185,2002,13455
3186,2002,9436
3187,2002,8091
3188,2002,12564
3189,2002,13884
3190,2002,13228
3191,2002,13211
3192,2002,13047
3193,2002,9120
3194,2002,7842
3195,2002,11998
3196,2002,13296
3197,2002,13164
3198,2002,12778
3199,2002,12582
3200,2002,8783
3201,2002,7671
3202,2002,11747
3203,2002,12802
3204,2002,12417
3205,2002,12433
3206,2002,12271
3207,2002,8334
3208,2002,7326
3209,2002,11312
3210,2002,12513
3211,2002,12363
3212,2002,12222
3213,2002,11968
3214,2002,8391
3215,2002,7256
3216,2002,11473
3217,2002,12921
3218,2002,12380
3219,2002,12447
3220,2002,12276
3221,2002,8303
3222,2002,7591
3223,2002,11603
3224,2002,12561
3225,2002,12023
3226,2002,10607
3227,2002,12335
3228,2002,8364
3229,2002,7380
3230,2002,11526
3231,2002,12604
3232,2002,12349
3233,2002,12378
3234,2002,12211
3235,2002,8454
3236,2002,7561
3237,2002,11310
3238,2002,12422
3239,2002,11833
3240,2002,12205
3241,2002,12016
3242,2002,8157
3243,2002,7167
3244,2002,11554
3245,2002,12462
3246,2002,12254
3247,2002,12431
3248,2002,12726
3249,2002,8417
3250,2002,7526
3251,2002,12198
3252,2002,13064
3253,2002,11245
3254,2002,7262
3255,2002,9155
3256,2002,8007
3257,2002,7286
3258,2002,11563
3259,2002,12980
3260,2002,12396
3261,2002,12343
3262,2002,11560
3263,2002,8362
3264,2002,7190
3265,2002,11313
3266,2002,12544
3267,2002,12311
3268,2002,12533
3269,2002,11378
3270,2002,8274
3271,2002,7364
3272,2002,12061
3273,2002,13102
3274,2002,13252
3275,2002,13342
3276,2002,13690
3277,2002,8934
3278,2002,7460
3279,2002,11135
3280,2002,8929
3281,2002,6629
3282,2002,10903
3283,2002,13332
3284,2002,8953
3285,2002,7892
3286,2002,12906
3287,2002,12339
3288,2003,7783
3289,2003,10863
3290,2003,11965
3291,2003,8374
3292,2003,7365
3293,2003,11220
3294,2003,12398
3295,2003,11872
3296,2003,11828
3297,2003,12303
3298,2003,8334
3299,2003,7214
3300,2003,11017
3301,2003,12651
3302,2003,11870
3303,2003,11897
3304,2003,11855
3305,2003,8300
3306,2003,7366
3307,2003,10842
3308,2003,12052
3309,2003,11835
3310,2003,11892
3311,2003,11890
3312,2003,8241
3313,2003,7295
3314,2003,11231
3315,2003,12363
3316,2003,11851
3317,2003,12062
3318,2003,11774
3319,2003,8538
3320,2003,7515
3321,2003,11311
3322,2003,12305
3323,2003,11786
3324,2003,12144
3325,2003,12195
3326,2003,8459
3327,2003,7396
3328,2003,11771
3329,2003,12700
3330,2003,12339
3331,2003,12086
3332,2003,12807
3333,2003,8730
3334,2003,7568
3335,2003,10522
3336,2003,12403
3337,2003,12395
3338,2003,12320
3339,2003,12435
3340,2003,8767
3341,2003,7582
3342,2003,11677
3343,2003,12595
3344,2003,12136
3345,2003,12437
3346,2003,12329
3347,2003,8500
3348,2003,7438
3349,2003,12491
3350,2003,12638
3351,2003,12264
3352,2003,12419
3353,2003,12259
3354,2003,8528
3355,2003,7300
3356,2003,11456
3357,2003,12693
3358,2003,12278
3359,2003,12127
3360,2003,12582
3361,2003,8485
3362,2003,7387
3363,2003,11718
3364,2003,12697
3365,2003,12374
3366,2003,12506
3367,2003,12446
3368,2003,8372
3369,2003,7303
3370,2003,11487
3371,2003,12819
3372,2003,12324
3373,2003,12403
3374,2003,12317
3375,2003,8579
3376,2003,7399
3377,2003,11331
3378,2003,11754
3379,2003,12739
3380,2003,12380
3381,2003,12453
3382,2003,8371
3383,2003,7181
3384,2003,11554
3385,2003,12813
3386,2003,12172
3387,2003,12485
3388,2003,12176
3389,2003,8380
3390,2003,7130
3391,2003,11599
3392,2003,12799
3393,2003,12701
3394,2003,12716
3395,2003,11576
3396,2003,8077
3397,2003,7057
3398,2003,11303
3399,2003,12474
3400,2003,12361
3401,2003,12297
3402,2003,12049
3403,2003,8213
3404,2003,7342
3405,2003,11460
3406,2003,12430
3407,2003,12064
3408,2003,12526
3409,2003,12297
3410,2003,8366
3411,2003,7481
3412,2003,11814
3413,2003,12884
3414,2003,12447
3415,2003,12664
3416,2003,12522
3417,2003,8594
3418,2003,7484
3419,2003,11943
3420,2003,12455
3421,2003,12635
3422,2003,12896
3423,2003,12662
3424,2003,8536
3425,2003,7505
3426,2003,11811
3427,2003,12993
3428,2003,13139
3429,2003,13199
3430,2003,12965
3431,2003,8678
3432,2003,7598
3433,2003,7825
3434,2003,12163
3435,2003,13619
3436,2003,13277
3437,2003,13034
3438,2003,8742
3439,2003,7570
3440,2003,11835
3441,2003,12824
3442,2003,12616
3443,2003,12647
3444,2003,12617
3445,2003,8559
3446,2003,7493
3447,2003,11743
3448,2003,13102
3449,2003,12931
3450,2003,12883
3451,2003,11821
3452,2003,8594
3453,2003,7571
3454,2003,12229
3455,2003,13144
3456,2003,12903
3457,2003,12752
3458,2003,12496
3459,2003,8623
3460,2003,7642
3461,2003,12012
3462,2003,13333
3463,2003,13267
3464,2003,13106
3465,2003,12678
3466,2003,8714
3467,2003,7648
3468,2003,12072
3469,2003,13682
3470,2003,13577
3471,2003,13247
3472,2003,9364
3473,2003,8209
3474,2003,7789
3475,2003,12407
3476,2003,13626
3477,2003,13286
3478,2003,13381
3479,2003,12878
3480,2003,8776
3481,2003,7867
3482,2003,12068
3483,2003,13434
3484,2003,13224
3485,2003,13444
3486,2003,13013
3487,2003,8787
3488,2003,7954
3489,2003,12241
3490,2003,13522
3491,2003,13312
3492,2003,13355
3493,2003,12825
3494,2003,8862
3495,2003,7740
3496,2003,12262
3497,2003,13562
3498,2003,13295
3499,2003,13237
3500,2003,13001
3501,2003,8740
3502,2003,7702
3503,2003,12031
3504,2003,13437
3505,2003,13123
3506,2003,13315
3507,2003,13145
3508,2003,9109
3509,2003,7852
3510,2003,12053
3511,2003,13698
3512,2003,12955
3513,2003,13152
3514,2003,13011
3515,2003,9189
3516,2003,8018
3517,2003,12243
3518,2003,13561
3519,2003,13196
3520,2003,13339
3521,2003,13222
3522,2003,9071
3523,2003,7858
3524,2003,12411
3525,2003,13723
3526,2003,13594
3527,2003,13839
3528,2003,13547
3529,2003,9225
3530,2003,7743
3531,2003,8059
3532,2003,12389
3533,2003,14119
3534,2003,13870
3535,2003,13616
3536,2003,9257
3537,2003,8064
3538,2003,12504
3539,2003,13615
3540,2003,13908
3541,2003,12932
3542,2003,13621
3543,2003,9444
3544,2003,8415
3545,2003,12846
3546,2003,14145
3547,2003,13686
3548,2003,13781
3549,2003,13325
3550,2003,9522
3551,2003,8383
3552,2003,12766
3553,2003,14036
3554,2003,13578
3555,2003,13651
3556,2003,13600
3557,2003,9039
3558,2003,8060
3559,2003,12291
3560,2003,13122
3561,2003,13138
3562,2003,13383
3563,2003,13013
3564,2003,8876
3565,2003,7653
3566,2003,11912
3567,2003,13241
3568,2003,13237
3569,2003,13047
3570,2003,13058
3571,2003,8620
3572,2003,7713
3573,2003,11272
3574,2003,12995
3575,2003,12690
3576,2003,12499
3577,2003,12404
3578,2003,8432
3579,2003,7454
3580,2003,11817
3581,2003,13032
3582,2003,12780
3583,2003,12568
3584,2003,12325
3585,2003,8444
3586,2003,7696
3587,2003,11745
3588,2003,13173
3589,2003,12705
3590,2003,12359
3591,2003,10767
3592,2003,8342
3593,2003,7568
3594,2003,12200
3595,2003,13060
3596,2003,12761
3597,2003,12564
3598,2003,12291
3599,2003,8575
3600,2003,7341
3601,2003,11890
3602,2003,12917
3603,2003,12463
3604,2003,12206
3605,2003,12219
3606,2003,8163
3607,2003,7375
3608,2003,11723
3609,2003,12994
3610,2003,12658
3611,2003,12710
3612,2003,12770
3613,2003,8473
3614,2003,7249
3615,2003,12803
3616,2003,13399
3617,2003,11767
3618,2003,7224
3619,2003,9271
3620,2003,7913
3621,2003,7205
3622,2003,11973
3623,2003,13122
3624,2003,12884
3625,2003,12372
3626,2003,11901
3627,2003,8132
3628,2003,7241
3629,2003,11496
3630,2003,12699
3631,2003,12470
3632,2003,12242
3633,2003,12237
3634,2003,8150
3635,2003,7337
3636,2003,12064
3637,2003,13350
3638,2003,13106
3639,2003,13594
3640,2003,13434
3641,2003,8795
3642,2003,7547
3643,2003,12967
3644,2003,12598
3645,2003,9096
3646,2003,6628
3647,2003,10218
3648,2003,8646
3649,2003,7645
3650,2003,12823
3651,2003,14438
3652,2003,12374
